{"actions":[],"apps":[{"acl":{"app":[],"field":[],"record":[]},"app":null,"category":{"categories":[],"useCategory":"false"},"form":{"layout":"[{\"id\":null,\"type\":\"ROW\",\"isSubTable\":false,\"var\":null,\"controlList\":[{\"isVirtical\":true,\"styleMap\":{\"width\":117},\"type\":\"DATE\",\"var\":\"日付\",\"label\":\"日付\"},{\"styleMap\":{\"width\":120},\"type\":\"CREATOR\",\"var\":\"作成者\",\"label\":\"作成者\"},{\"isVirtical\":true,\"styleMap\":{\"width\":142},\"type\":\"SINGLE_SELECT\",\"var\":\"ドロップダウン\",\"label\":\"部署\"},{\"isVirtical\":true,\"styleMap\":{\"width\":190},\"type\":\"SINGLE_CHECK\",\"var\":\"ラジオボタン\",\"label\":\"目標達成度\",\"align\":\"horizontal\"},{\"isVirtical\":true,\"styleMap\":{\"width\":207},\"type\":\"FILE\",\"var\":\"添付ファイル\",\"label\":\"添付ファイル\"}]},{\"id\":null,\"type\":\"ROW\",\"isSubTable\":false,\"var\":null,\"controlList\":[{\"isVirtical\":true,\"styleMap\":{\"width\":444,\"height\":147,\"innerHeight\":110},\"type\":\"MULTIPLE_LINE_TEXT\",\"var\":\"文字列__複数行_\",\"label\":\"業務内容\"},{\"isVirtical\":true,\"styleMap\":{\"width\":444,\"height\":147,\"innerHeight\":110},\"type\":\"MULTIPLE_LINE_TEXT\",\"var\":\"文字列__複数行__0\",\"label\":\"所感、学び\"}]},{\"id\":null,\"type\":\"ROW\",\"isSubTable\":false,\"var\":null,\"controlList\":[{\"isVirtical\":true,\"styleMap\":{},\"canvasData\":[{\"id\":null,\"type\":\"ROW\",\"isSubTable\":false,\"var\":null,\"controlList\":[{\"isVirtical\":true,\"styleMap\":{\"width\":163},\"type\":\"MULTIPLE_CHECK\",\"var\":\"ネガ\",\"label\":\"ネガティブイベント\",\"align\":\"horizontal\"},{\"isVirtical\":true,\"styleMap\":{\"width\":668},\"type\":\"SINGLE_LINE_TEXT\",\"var\":\"ネガの内容\",\"label\":\"ネガティブイベントの内容\"}]},{\"id\":null,\"type\":\"ROW\",\"isSubTable\":false,\"var\":null,\"controlList\":[{\"isVirtical\":true,\"styleMap\":{\"width\":163},\"type\":\"MULTIPLE_CHECK\",\"var\":\"ポジ\",\"label\":\"ポジティブイベント\",\"align\":\"horizontal\"},{\"isVirtical\":true,\"styleMap\":{\"width\":668},\"type\":\"SINGLE_LINE_TEXT\",\"var\":\"ポジの内容\",\"label\":\"ポジティブイベントの内容\"}]},{\"id\":null,\"type\":\"ROW\",\"isSubTable\":false,\"var\":null,\"controlList\":[{\"isVirtical\":true,\"styleMap\":{\"width\":246},\"type\":\"DECIMAL\",\"var\":\"計測データ取得\",\"label\":\"計測データ取得\"},{\"isVirtical\":true,\"styleMap\":{\"width\":193},\"type\":\"DECIMAL\",\"var\":\"体重\",\"label\":\"体重\"},{\"isVirtical\":true,\"styleMap\":{\"width\":193},\"type\":\"DECIMAL\",\"var\":\"体脂肪\",\"label\":\"体脂肪\"},{\"isVirtical\":true,\"styleMap\":{\"width\":192},\"type\":\"DECIMAL\",\"var\":\"BMI\",\"label\":\"BMI\"}]},{\"id\":null,\"type\":\"ROW\",\"isSubTable\":false,\"var\":null,\"controlList\":[{\"isVirtical\":true,\"styleMap\":{\"width\":196},\"type\":\"DATETIME\",\"var\":\"計測日時\",\"label\":\"計測日時\"}]}],\"type\":\"GROUP\",\"var\":\"グループ\",\"label\":\"ダイエット情報\"}]}]","revision":null},"iconMeta":null,"info":{"automaticallyChooseTitleComponent":"false","code":null,"decimalPrecision":"16","decimalScale":"4","description":"\u003Cdiv\u003E日々の業務内容、報告事項、所感などを記載していくアプリです。\u003Cdiv\u003E記録を行うだけでなく、あとからの振り返りやメンバー間のコミュニケーションにも活用できます。\u003C/div\u003E\u003C/div\u003E","enableBulkDeletion":"false","fiscalYearStartMonth":"4","iconKey":"APP15","iconType":"PRESET","jsFiles":null,"jsScope":"ALL","name":"日報","roundingMode":"HALF_EVEN","theme":"TASK","titleComponentLocalId":"2123","useComment":"true","useHistory":"true","useThumbnail":"true"},"jsFiles":[],"notification":{"appNotifications":[{"events":["RECORD_COMMENT_ADDED"],"target":{"entityId":"2116","entityType":"FIELD_ENTITY","includeSubs":"false"}},{"events":["RECORD_COMMENT_ADDED"],"target":{"entityId":"2117","entityType":"FIELD_ENTITY","includeSubs":"false"}}],"recordNotifications":[],"reminderTimezone":null,"reminders":[],"useComment":"true","useReminder":"false"},"plugin":{"pluginIds":[]},"reports":[{"advancedMode":"false","filter":{"category":null,"offset":null,"order":[],"q":null,"size":null,"sort":[]},"isAborted":null,"name":"全体推移","processType":null,"report":"5520163","reportType":"SUBTOTAL","revision":null,"settings":"{\"groups\":[{\"id\":\"2126\",\"op\":\"YEAR_MONTH_DAY\"}],\"summaries\":[{\"op\":\"AVERAGE\",\"id\":\"5520154\"},{\"op\":\"AVERAGE\",\"id\":\"5520157\"}],\"chartType\":\"line\",\"sort\":[\"g0\"],\"order\":[\"ASC\"]}","tallyPeriod":null,"tallyStartDateTime":null},{"advancedMode":"false","filter":{"category":null,"offset":null,"order":[],"q":"f5520148 in (\"5520144\")","size":null,"sort":[]},"isAborted":null,"name":"ネガ月別推移","processType":null,"report":"5520179","reportType":"SUBTOTAL","revision":null,"settings":"{\"groups\":[{\"id\":\"2126\",\"op\":\"YEAR_MONTH\"}],\"summaries\":[{\"op\":\"COUNT\",\"id\":null}],\"chartType\":\"line\",\"sort\":[\"g0\"],\"order\":[\"ASC\"]}","tallyPeriod":null,"tallyStartDateTime":null},{"advancedMode":"false","filter":{"category":null,"offset":null,"order":[],"q":"f5520150 in (\"5520145\")","size":null,"sort":[]},"isAborted":null,"name":"ポジ月別推移","processType":null,"report":"5520177","reportType":"SUBTOTAL","revision":null,"settings":"{\"groups\":[{\"id\":\"2126\",\"op\":\"YEAR_MONTH\"}],\"summaries\":[{\"op\":\"COUNT\",\"id\":null}],\"chartType\":\"line\",\"sort\":[\"g0\"],\"order\":[\"ASC\"]}","tallyPeriod":null,"tallyStartDateTime":null},{"advancedMode":"false","filter":{"category":null,"offset":null,"order":[],"q":"f5520148 in (\"5520144\")","size":null,"sort":[]},"isAborted":null,"name":"ネガ月別平均体重","processType":null,"report":"5520181","reportType":"SUBTOTAL","revision":null,"settings":"{\"groups\":[{\"id\":\"2126\",\"op\":\"YEAR_MONTH\"}],\"summaries\":[{\"op\":\"AVERAGE\",\"id\":\"5520153\"}],\"chartType\":\"table\",\"sort\":[\"g0\",\"g1\"],\"order\":[\"ASC\",\"DESC\"]}","tallyPeriod":null,"tallyStartDateTime":null},{"advancedMode":"false","filter":{"category":null,"offset":null,"order":[],"q":"f5520150 in (\"5520145\")","size":null,"sort":[]},"isAborted":null,"name":"ポジ月別平均体重","processType":null,"report":"5520183","reportType":"SUBTOTAL","revision":null,"settings":"{\"groups\":[{\"id\":\"2126\",\"op\":\"YEAR_MONTH\"}],\"summaries\":[{\"op\":\"AVERAGE\",\"id\":\"5520153\"}],\"chartType\":\"table\",\"sort\":[\"g0\",\"g1\"],\"order\":[\"ASC\",\"DESC\"]}","tallyPeriod":null,"tallyStartDateTime":null}],"resource":{"tables":[{"rows":[{"fields":[{"language":"zh","value":"日报"},{"language":"en","value":"Daily Reports"},{"language":"ja","value":""}],"objectId":"0","subObjectId":"-1"}],"type":"AppName"},{"rows":[{"fields":[{"language":"zh","value":"\u003Cdiv\u003E记录每天的业务内容，报告，感想的应用。\u003Cdiv\u003E不只是用于记录，之后可以回顾或者和成员之间可以沟通交流。\u003C/div\u003E\u003C/div\u003E"},{"language":"en","value":"\u003Cdiv\u003EAn application for reporting the tasks completed and information acquired from the workday. After a report is submitted, it is possible to review and reflect on each record and communicate with team members regarding the contents of a report.\u003C/div\u003E"},{"language":"ja","value":""}],"objectId":"0","subObjectId":"-1"}],"type":"AppDescription"},{"rows":[{"fields":[{"language":"zh","value":"记录编号"},{"language":"en","value":"Record No."},{"language":"ja","value":""}],"objectId":"2115","subObjectId":"-1"},{"fields":[{"language":"zh","value":"更新人"},{"language":"en","value":"Last Updated By"},{"language":"ja","value":""}],"objectId":"2116","subObjectId":"-1"},{"fields":[{"language":"zh","value":"创建人"},{"language":"en","value":"Created By"},{"language":"ja","value":""}],"objectId":"2117","subObjectId":"-1"},{"fields":[{"language":"zh","value":"更新时间"},{"language":"en","value":"Updated"},{"language":"ja","value":""}],"objectId":"2118","subObjectId":"-1"},{"fields":[{"language":"zh","value":"创建时间"},{"language":"en","value":"Created"},{"language":"ja","value":""}],"objectId":"2119","subObjectId":"-1"},{"fields":[{"language":"zh","value":"状态"},{"language":"en","value":"Status"},{"language":"ja","value":""}],"objectId":"2120","subObjectId":"-1"},{"fields":[{"language":"zh","value":"执行者"},{"language":"en","value":"Assignee"},{"language":"ja","value":""}],"objectId":"2121","subObjectId":"-1"},{"fields":[{"language":"zh","value":"类别"},{"language":"en","value":"Category"},{"language":"ja","value":""}],"objectId":"2122","subObjectId":"-1"},{"fields":[{"language":"zh","value":"业务内容"},{"language":"en","value":"Orders of Business"},{"language":"ja","value":""}],"objectId":"2123","subObjectId":"-1"},{"fields":[{"language":"zh","value":"感想"},{"language":"en","value":"Impressions"},{"language":"ja","value":""}],"objectId":"2124","subObjectId":"-1"},{"fields":[{"language":"zh","value":"附件"},{"language":"en","value":"Attached Files"},{"language":"ja","value":""}],"objectId":"2125","subObjectId":"-1"},{"fields":[{"language":"zh","value":"日期"},{"language":"en","value":"Date"},{"language":"ja","value":""}],"objectId":"2126","subObjectId":"-1"},{"fields":[{"language":"zh","value":"部门"},{"language":"en","value":"Department"},{"language":"ja","value":""}],"objectId":"9262","subObjectId":"-1"},{"fields":[{"language":"zh","value":"销售"},{"language":"en","value":"Sales"},{"language":"ja","value":""}],"objectId":"9262","subObjectId":"9255"},{"fields":[{"language":"zh","value":"市场部"},{"language":"en","value":"Marketing"},{"language":"ja","value":""}],"objectId":"9262","subObjectId":"9256"},{"fields":[{"language":"zh","value":"总务"},{"language":"en","value":"General Affairs"},{"language":"ja","value":""}],"objectId":"9262","subObjectId":"9257"},{"fields":[{"language":"zh","value":"客服"},{"language":"en","value":"Support"},{"language":"ja","value":""}],"objectId":"9262","subObjectId":"9258"},{"fields":[{"language":"zh","value":"开发"},{"language":"en","value":"Development"},{"language":"ja","value":""}],"objectId":"9262","subObjectId":"9259"},{"fields":[{"language":"zh","value":"目标达成"},{"language":"en","value":"Tasks"},{"language":"ja","value":""}],"objectId":"9263","subObjectId":"-1"},{"fields":[{"language":"zh","value":"达成"},{"language":"en","value":"Completed"},{"language":"ja","value":""}],"objectId":"9263","subObjectId":"9260"},{"fields":[{"language":"zh","value":"未达成"},{"language":"en","value":"Incomplete"},{"language":"ja","value":""}],"objectId":"9263","subObjectId":"9261"},{"fields":[],"objectId":"5520148","subObjectId":"-1"},{"fields":[],"objectId":"5520148","subObjectId":"5520144"},{"fields":[],"objectId":"5520149","subObjectId":"-1"},{"fields":[],"objectId":"5520150","subObjectId":"-1"},{"fields":[],"objectId":"5520150","subObjectId":"5520145"},{"fields":[],"objectId":"5520151","subObjectId":"-1"},{"fields":[],"objectId":"5520153","subObjectId":"-1"},{"fields":[],"objectId":"5520154","subObjectId":"-1"},{"fields":[],"objectId":"5520155","subObjectId":"-1"},{"fields":[],"objectId":"5520157","subObjectId":"-1"},{"fields":[],"objectId":"5520158","subObjectId":"-1"}],"type":"FieldLabel"},{"rows":[{"fields":[{"language":"zh","value":"（全部）"},{"language":"en","value":"(All)"},{"language":"ja","value":""}],"objectId":"20","subObjectId":"-1"},{"fields":[{"language":"zh","value":"日报一览"},{"language":"en","value":"Summary"},{"language":"ja","value":""}],"objectId":"2128","subObjectId":"-1"},{"fields":[{"language":"zh","value":"自己的日报（日立形式）"},{"language":"en","value":"My Reports (Calendar Format)"},{"language":"ja","value":""}],"objectId":"9265","subObjectId":"-1"},{"fields":[],"objectId":"5520165","subObjectId":"-1"}],"type":"ViewName"},{"rows":[{"fields":[],"objectId":"5520163","subObjectId":"-1"},{"fields":[],"objectId":"5520179","subObjectId":"-1"},{"fields":[],"objectId":"5520177","subObjectId":"-1"},{"fields":[],"objectId":"5520181","subObjectId":"-1"},{"fields":[],"objectId":"5520183","subObjectId":"-1"}],"type":"ReportName"}]},"schema":{"groups":[{"childLocalId":"5520148","vtComponentLocalId":"5520147"},{"childLocalId":"5520149","vtComponentLocalId":"5520147"},{"childLocalId":"5520150","vtComponentLocalId":"5520147"},{"childLocalId":"5520151","vtComponentLocalId":"5520147"},{"childLocalId":"5520153","vtComponentLocalId":"5520147"},{"childLocalId":"5520154","vtComponentLocalId":"5520147"},{"childLocalId":"5520155","vtComponentLocalId":"5520147"},{"childLocalId":"5520157","vtComponentLocalId":"5520147"},{"childLocalId":"5520158","vtComponentLocalId":"5520147"}],"revision":null,"subTable":{},"table":{"fieldList":{"2115":{"id":"2115","label":"レコード番号","properties":{"noLabel":"false","required":"true"},"type":"RECORD_ID","var":"レコード番号"},"2116":{"id":"2116","label":"更新者","properties":{"noLabel":"false","required":"true"},"type":"MODIFIER","var":"更新者"},"2117":{"id":"2117","label":"作成者","properties":{"noLabel":"false","required":"true"},"type":"CREATOR","var":"作成者"},"2118":{"id":"2118","label":"更新日時","properties":{"noLabel":"false","required":"true"},"type":"MODIFIED_AT","var":"更新日時"},"2119":{"id":"2119","label":"作成日時","properties":{"noLabel":"false","required":"true"},"type":"CREATED_AT","var":"作成日時"},"2120":{"id":"2120","label":"ステータス","properties":{"noLabel":"false","required":"false"},"type":"STATUS","var":"ステータス"},"2121":{"id":"2121","label":"作業者","properties":{"noLabel":"false","required":"false"},"type":"STATUS_ASSIGNEE","var":"作業者"},"2122":{"id":"2122","label":"カテゴリー","properties":{"noLabel":"false","required":"false"},"type":"CATEGORY","var":"カテゴリー"},"2123":{"id":"2123","label":"業務内容","properties":{"defaultValue":"","noLabel":"false","required":"false"},"type":"MULTIPLE_LINE_TEXT","var":"文字列__複数行_"},"2124":{"id":"2124","label":"所感、学び","properties":{"defaultValue":"","noLabel":"false","required":"false"},"type":"MULTIPLE_LINE_TEXT","var":"文字列__複数行__0"},"2125":{"id":"2125","label":"添付ファイル","properties":{"noLabel":"false","required":"false","thumbnailSize":"150"},"type":"FILE","var":"添付ファイル"},"2126":{"id":"2126","label":"日付","properties":{"defaultExpression":"NOW","defaultValue":null,"noLabel":"false","required":"false","unique":"false"},"type":"DATE","var":"日付"},"9262":{"id":"9262","label":"部署","properties":{"defaultValue":null,"noLabel":"false","options":[{"id":"9255","label":"営業","valid":true},{"id":"9256","label":"マーケティング","valid":true},{"id":"9257","label":"総務","valid":true},{"id":"9258","label":"サポート","valid":true},{"id":"9259","label":"開発","valid":true}],"required":"false"},"type":"SINGLE_SELECT","var":"ドロップダウン"},"9263":{"id":"9263","label":"目標達成度","properties":{"defaultValue":"9260","noLabel":"false","options":[{"id":"9260","label":"達成","valid":true},{"id":"9261","label":"未達","valid":true}],"required":"true"},"type":"SINGLE_CHECK","var":"ラジオボタン"},"5520147":{"id":"5520147","label":"ダイエット情報","properties":{"noLabel":"false","open":"false","required":"false"},"type":"GROUP","var":"グループ"},"5520148":{"id":"5520148","label":"ネガティブイベント","properties":{"defaultValue":[],"noLabel":"false","options":[{"id":"5520144","label":"行った","valid":true}],"required":"false"},"type":"MULTIPLE_CHECK","var":"ネガ"},"5520149":{"id":"5520149","label":"ネガティブイベントの内容","properties":{"defaultValue":"","expression":"","hideExpression":"false","max":null,"min":null,"noLabel":"false","required":"false","unique":"false"},"type":"SINGLE_LINE_TEXT","var":"ネガの内容"},"5520150":{"id":"5520150","label":"ポジティブイベント","properties":{"defaultValue":[],"noLabel":"false","options":[{"id":"5520145","label":"行った","valid":true}],"required":"false"},"type":"MULTIPLE_CHECK","var":"ポジ"},"5520151":{"id":"5520151","label":"ポジティブイベントの内容","properties":{"defaultValue":"","expression":"","hideExpression":"false","max":null,"min":null,"noLabel":"false","required":"false","unique":"false"},"type":"SINGLE_LINE_TEXT","var":"ポジの内容"},"5520153":{"id":"5520153","label":"体重","properties":{"defaultValue":null,"digit":"false","displayScale":"1","max":null,"min":null,"noLabel":"false","required":"false","roundingMode":null,"scale":null,"unique":"false","unit":"","unitPosition":"BEFORE"},"type":"DECIMAL","var":"体重"},"5520154":{"id":"5520154","label":"体脂肪","properties":{"defaultValue":null,"digit":"false","displayScale":"1","max":null,"min":null,"noLabel":"false","required":"false","roundingMode":null,"scale":null,"unique":"false","unit":"","unitPosition":"BEFORE"},"type":"DECIMAL","var":"体脂肪"},"5520155":{"id":"5520155","label":"計測データ取得","properties":{"defaultValue":null,"digit":"false","displayScale":null,"max":null,"min":null,"noLabel":"false","required":"false","roundingMode":null,"scale":null,"unique":"false","unit":null,"unitPosition":"BEFORE"},"type":"DECIMAL","var":"計測データ取得"},"5520157":{"id":"5520157","label":"BMI","properties":{"defaultValue":null,"digit":"false","displayScale":"1","max":null,"min":null,"noLabel":"false","required":"false","roundingMode":null,"scale":null,"unique":"false","unit":"","unitPosition":"BEFORE"},"type":"DECIMAL","var":"BMI"},"5520158":{"id":"5520158","label":"計測日時","properties":{"defaultExpression":null,"defaultValue":null,"noLabel":"false","required":"false","unique":"false"},"type":"DATETIME","var":"計測日時"}},"id":"1","label":"__ROOT__","var":"__ROOT__"}},"status":{"actions":[],"filters":[],"initialStateId":null,"states":[],"useStatus":"false"},"uuid":"37c2b664-57f7-45be-95fe-9944e8cc6512","views":[{"advancedMode":"false","builtinType":null,"device":null,"fields":[{"row":[{"id":"2126"},{"id":"5520158"},{"id":"5520148"},{"id":"5520149"},{"id":"5520150"},{"id":"5520151"},{"id":"5520153"},{"id":"5520154"},{"id":"5520157"}]}],"filter":{"category":null,"offset":null,"order":["DESC"],"q":null,"size":null,"sort":["f2126"]},"html":null,"keyFieldId":null,"name":"イベント一覧","pager":null,"revision":null,"titleFieldId":null,"view":"5520165","viewType":"LIST"},{"advancedMode":"false","builtinType":null,"device":null,"fields":[{"row":[{"id":"2126"},{"id":"2117"},{"id":"2123"},{"id":"2124"}]}],"filter":{"category":null,"offset":null,"order":["DESC"],"q":null,"size":null,"sort":["f2126"]},"html":null,"keyFieldId":null,"name":"日報一覧","pager":null,"revision":null,"titleFieldId":null,"view":"2128","viewType":"LIST"},{"advancedMode":"false","builtinType":null,"device":null,"fields":[{"row":[{"id":"2126"},{"id":"2123"}]}],"filter":{"category":null,"offset":null,"order":["DESC"],"q":"f2117 in (LOGINUSER())","size":null,"sort":["f2119"]},"html":null,"keyFieldId":"2126","name":"自分の日報（カレンダー形式）","pager":null,"revision":null,"titleFieldId":"2123","view":"9265","viewType":"CALENDAR"},{"advancedMode":null,"builtinType":"ALL","device":null,"fields":[{"row":[{"id":"2115"},{"id":"2123"},{"id":"2124"},{"id":"2125"},{"id":"2126"},{"id":"9262"},{"id":"9263"},{"id":"5520148"},{"id":"5520149"},{"id":"5520150"},{"id":"5520151"},{"id":"5520153"},{"id":"5520154"},{"id":"5520155"},{"id":"5520157"},{"id":"5520158"}]}],"filter":{"category":null,"offset":null,"order":[],"q":null,"size":null,"sort":[]},"html":null,"keyFieldId":null,"name":"（すべて）","pager":null,"revision":null,"titleFieldId":null,"view":"20","viewType":"LIST"}]},{"acl":{"app":[],"field":[],"record":[]},"app":null,"category":{"categories":[],"useCategory":"false"},"form":{"layout":"[{\"id\":null,\"type\":\"ROW\",\"isSubTable\":false,\"var\":null,\"controlList\":[{\"isVirtical\":true,\"styleMap\":{\"width\":193},\"type\":\"DECIMAL\",\"var\":\"grpid\",\"label\":\"grpid\"},{\"isVirtical\":true,\"styleMap\":{\"width\":193},\"type\":\"DECIMAL\",\"var\":\"attrib\",\"label\":\"attrib\"},{\"isVirtical\":true,\"styleMap\":{\"width\":196},\"type\":\"DATETIME\",\"var\":\"date_time\",\"label\":\"date_time\"}]},{\"id\":null,\"type\":\"ROW\",\"isSubTable\":false,\"var\":null,\"controlList\":[{\"isVirtical\":true,\"styleMap\":{\"width\":191},\"type\":\"DECIMAL\",\"var\":\"measures_value\",\"label\":\"weight\"},{\"isVirtical\":true,\"styleMap\":{\"width\":191},\"type\":\"CALC\",\"var\":\"BMI\",\"label\":\"BMI\"},{\"isVirtical\":true,\"styleMap\":{\"width\":190},\"type\":\"DECIMAL\",\"var\":\"Fat_Ratio\",\"label\":\"Fat Ratio\"},{\"isVirtical\":true,\"styleMap\":{\"width\":193},\"type\":\"DECIMAL\",\"var\":\"Height\",\"label\":\"Height\"}]},{\"id\":null,\"type\":\"ROW\",\"isSubTable\":false,\"var\":null,\"controlList\":[{\"isVirtical\":true,\"styleMap\":{\"width\":142},\"type\":\"RECORD_ID\",\"var\":\"Record_number\",\"label\":\"Record number\"},{\"isVirtical\":true,\"styleMap\":{\"width\":196},\"type\":\"CREATED_AT\",\"var\":\"Created_datetime\",\"label\":\"Created datetime\"},{\"isVirtical\":true,\"styleMap\":{\"width\":136},\"type\":\"CREATOR\",\"var\":\"Created_by\",\"label\":\"Created by\"},{\"isVirtical\":true,\"styleMap\":{\"width\":196},\"type\":\"MODIFIED_AT\",\"var\":\"Updated_datetime\",\"label\":\"Updated datetime\"},{\"isVirtical\":true,\"styleMap\":{\"width\":136},\"type\":\"MODIFIER\",\"var\":\"Updated_by\",\"label\":\"Updated by\"}]},{\"id\":null,\"type\":\"ROW\",\"isSubTable\":false,\"var\":null,\"controlList\":[{\"isVirtical\":true,\"styleMap\":{\"width\":193},\"type\":\"DECIMAL\",\"var\":\"category\",\"label\":\"category\"},{\"isVirtical\":true,\"styleMap\":{\"width\":420},\"type\":\"SINGLE_LINE_TEXT\",\"var\":\"deviceid\",\"label\":\"deviceid\"}]}]","revision":null},"iconMeta":{"internalName":null,"mime":"image/png","name":"whthing_icon.png"},"info":{"automaticallyChooseTitleComponent":"true","code":null,"decimalPrecision":"16","decimalScale":"4","description":"\u003Cdiv\u003E\u003Ch1 class=\"sharable-header\" style=\"margin-bottom:0.5em;font-size:1.85714em;font-weight:normal;line-height:1.5;color:rgb( 70 , 70 , 78 );text-transform:capitalize;font-family:&#39;gotham-book&#39; , &#39;arial&#39; , &#39;helvetica&#39; , sans-serif !important\"\u003E\u003Ca class=\"share-link\" href=\"http://developer.health.nokia.com/oauth2/#tag/introduction\" style=\"background-color:transparent;color:rgb( 0 , 51 , 160 );padding:0px;line-height:1;width:15px;display:inline-block;font-family:&#39;gotham-light&#39; , &#39;arial&#39; , &#39;helvetica&#39; , sans-serif !important\" rel=\"nofollow nofollow\"\u003E\u003C/a\u003EIntroduction\u003C/h1\u003E\u003Cp style=\"margin-bottom:1em;font-family:&#39;gotham-light&#39; , &#39;arial&#39; , &#39;helvetica&#39; , sans-serif;line-height:1.5em;color:rgb( 38 , 50 , 56 );font-size:14px\"\u003E\u003Cspan class=\"redoc-markdown-block\"\u003E\u003C/span\u003E\u003C/p\u003E\u003Cp style=\"margin-bottom:1em;font-family:&#39;roboto&#39; , sans-serif;line-height:1.5em\"\u003EThe Health Mate API allows developers to create applications that take advantage of the Withings devices and the data they record.\u003Cbr style=\"font-family:&#39;gotham-light&#39; , &#39;arial&#39; , &#39;helvetica&#39; , sans-serif !important\" /\u003E\u003Cbr style=\"font-family:&#39;gotham-light&#39; , &#39;arial&#39; , &#39;helvetica&#39; , sans-serif !important\" /\u003EUsing this API, developers have the ability to access data stored in the Health Mate app for users having gave them prior consent, including weight, body fat, activity, sleep, blood pressure and heart rate, and to integrate them into their services.\u003C/p\u003E\u003Cul style=\"margin-bottom:1em;margin-left:0px;font-family:&#39;roboto&#39; , sans-serif;padding-left:2em;line-height:1.5em\"\u003E\u003Cli style=\"margin-top:1em;margin-bottom:1em;font-family:&#39;gotham-light&#39; , &#39;arial&#39; , &#39;helvetica&#39; , sans-serif !important\"\u003EThe API is public.\u003C/li\u003E\u003Cli style=\"margin-top:1em;margin-bottom:1em;font-family:&#39;gotham-light&#39; , &#39;arial&#39; , &#39;helvetica&#39; , sans-serif !important\"\u003EIt only requires you to register your application.\u003C/li\u003E\u003Cli style=\"margin-top:1em;margin-bottom:1em;font-family:&#39;gotham-light&#39; , &#39;arial&#39; , &#39;helvetica&#39; , sans-serif !important\"\u003EThe request limit is \u003Cspan style=\"font-weight:700\"\u003E120 requests per minute per developer app\u003C/span\u003E (if you call a service for a first user and then for a second user request counter will be increased by 2 requests).\u003C/li\u003E\u003C/ul\u003E\u003Cp\u003E\u003C/p\u003E\u003C/div\u003E","enableBulkDeletion":"true","fiscalYearStartMonth":"4","iconKey":"2843","iconType":"BLOB","jsFiles":null,"jsScope":"ALL","name":"wbsapi.withings","roundingMode":"HALF_EVEN","theme":"PLAIN","titleComponentLocalId":null,"useComment":"true","useHistory":"true","useThumbnail":"true"},"jsFiles":[],"notification":{"appNotifications":[{"events":["RECORD_COMMENT_ADDED"],"target":{"entityId":"5351348","entityType":"FIELD_ENTITY","includeSubs":"false"}},{"events":["RECORD_COMMENT_ADDED"],"target":{"entityId":"5351349","entityType":"FIELD_ENTITY","includeSubs":"false"}}],"recordNotifications":[],"reminderTimezone":null,"reminders":[],"useComment":"true","useReminder":"false"},"plugin":{"pluginIds":[]},"reports":[{"advancedMode":"false","filter":{"category":null,"offset":null,"order":[],"q":"f5520075 \u003C= \"2019-12-30T15:00:00.000Z\"","size":null,"sort":[]},"isAborted":null,"name":"日別遷移","processType":null,"report":"5520077","reportType":"SUBTOTAL","revision":null,"settings":"{\"groups\":[{\"id\":\"5520075\",\"op\":null}],\"summaries\":[{\"op\":\"AVERAGE\",\"id\":\"5351361\"}],\"chartType\":\"spline\",\"sort\":[\"g0\"],\"order\":[\"ASC\"]}","tallyPeriod":null,"tallyStartDateTime":null},{"advancedMode":"false","filter":{"category":null,"offset":null,"order":[],"q":"f5520075 \u003C= \"2019-12-30T15:00:00.000Z\"","size":null,"sort":[]},"isAborted":null,"name":"週別遷移","processType":null,"report":"5520079","reportType":"SUBTOTAL","revision":null,"settings":"{\"groups\":[{\"id\":\"5520075\",\"op\":\"YEAR_WEEK\"}],\"summaries\":[{\"op\":\"AVERAGE\",\"id\":\"5351361\"}],\"chartType\":\"line\",\"sort\":[\"g0\"],\"order\":[\"ASC\"]}","tallyPeriod":null,"tallyStartDateTime":null},{"advancedMode":"false","filter":{"category":null,"offset":null,"order":[],"q":"f5520075 \u003C= \"2019-12-30T15:00:00.000Z\"","size":null,"sort":[]},"isAborted":null,"name":"月別遷移","processType":null,"report":"5520081","reportType":"SUBTOTAL","revision":null,"settings":"{\"groups\":[{\"id\":\"5520075\",\"op\":\"YEAR_MONTH\"}],\"summaries\":[{\"op\":\"AVERAGE\",\"id\":\"5351361\"}],\"chartType\":\"line\",\"sort\":[\"g0\"],\"order\":[\"ASC\"]}","tallyPeriod":null,"tallyStartDateTime":null},{"advancedMode":"false","filter":{"category":null,"offset":null,"order":[],"q":"f5520075 \u003C= \"2019-12-30T15:00:00.000Z\"","size":null,"sort":[]},"isAborted":null,"name":"日別体脂肪率/BMI相関グラフ","processType":null,"report":"5520132","reportType":"SUBTOTAL","revision":null,"settings":"{\"groups\":[{\"id\":\"5520075\",\"op\":\"YEAR_MONTH_DAY\"}],\"summaries\":[{\"op\":\"AVERAGE\",\"id\":\"5520129\"},{\"op\":\"AVERAGE\",\"id\":\"5520130\"}],\"chartType\":\"spline\",\"sort\":[\"g0\"],\"order\":[\"ASC\"]}","tallyPeriod":null,"tallyStartDateTime":null},{"advancedMode":"false","filter":{"category":null,"offset":null,"order":[],"q":"f5520075 \u003C= \"2019-12-30T15:00:00.000Z\"","size":null,"sort":[]},"isAborted":null,"name":"年単位集計平均値","processType":null,"report":"5520161","reportType":"SUBTOTAL","revision":null,"settings":"{\"groups\":[{\"id\":\"5520075\",\"op\":\"YEAR\"}],\"summaries\":[{\"op\":\"AVERAGE\",\"id\":\"5351361\"},{\"op\":\"AVERAGE\",\"id\":\"5520129\"},{\"op\":\"AVERAGE\",\"id\":\"5520130\"}],\"chartType\":\"table\",\"sort\":[\"g0\",\"g1\"],\"order\":[\"ASC\",\"DESC\"]}","tallyPeriod":null,"tallyStartDateTime":null},{"advancedMode":"false","filter":{"category":null,"offset":null,"order":[],"q":"f5520075 \u003C= \"2019-12-30T15:00:00.000Z\"","size":null,"sort":[]},"isAborted":null,"name":"月別平均体重","processType":null,"report":"5520167","reportType":"SUBTOTAL","revision":null,"settings":"{\"groups\":[{\"id\":\"5520075\",\"op\":\"YEAR_MONTH\"}],\"summaries\":[{\"op\":\"AVERAGE\",\"id\":\"5351361\"},{\"op\":\"AVERAGE\",\"id\":\"5520130\"}],\"chartType\":\"table\",\"sort\":[\"g0\"],\"order\":[\"ASC\"]}","tallyPeriod":null,"tallyStartDateTime":null},{"advancedMode":"false","filter":{"category":null,"offset":null,"order":[],"q":"f5520075 \u003E= LAST_MONTH() and f5520075 \u003C \"2019-12-31T15:00:00.000Z\"","size":null,"sort":[]},"isAborted":null,"name":"直近二カ月日別推移","processType":null,"report":"5549559","reportType":"SUBTOTAL","revision":null,"settings":"{\"groups\":[{\"id\":\"5520075\",\"op\":\"YEAR_MONTH_DAY\"}],\"summaries\":[{\"op\":\"AVERAGE\",\"id\":\"5351361\"}],\"chartType\":\"line\",\"sort\":[\"g0\"],\"order\":[\"ASC\"]}","tallyPeriod":null,"tallyStartDateTime":null}],"resource":{"tables":[{"rows":[{"fields":[],"objectId":"0","subObjectId":"-1"}],"type":"AppName"},{"rows":[{"fields":[],"objectId":"0","subObjectId":"-1"}],"type":"AppDescription"},{"rows":[{"fields":[],"objectId":"5351347","subObjectId":"-1"},{"fields":[],"objectId":"5351348","subObjectId":"-1"},{"fields":[],"objectId":"5351349","subObjectId":"-1"},{"fields":[],"objectId":"5351350","subObjectId":"-1"},{"fields":[],"objectId":"5351351","subObjectId":"-1"},{"fields":[],"objectId":"5351352","subObjectId":"-1"},{"fields":[],"objectId":"5351353","subObjectId":"-1"},{"fields":[],"objectId":"5351354","subObjectId":"-1"},{"fields":[],"objectId":"5351355","subObjectId":"-1"},{"fields":[],"objectId":"5351356","subObjectId":"-1"},{"fields":[],"objectId":"5351359","subObjectId":"-1"},{"fields":[],"objectId":"5351360","subObjectId":"-1"},{"fields":[],"objectId":"5351361","subObjectId":"-1"},{"fields":[],"objectId":"5520075","subObjectId":"-1"},{"fields":[],"objectId":"5520128","subObjectId":"-1"},{"fields":[],"objectId":"5520129","subObjectId":"-1"},{"fields":[],"objectId":"5520130","subObjectId":"-1"}],"type":"FieldLabel"},{"rows":[{"fields":[],"objectId":"5520073","subObjectId":"-1"},{"fields":[],"objectId":"5520067","subObjectId":"-1"},{"fields":[],"objectId":"20","subObjectId":"-1"}],"type":"ViewName"},{"rows":[{"fields":[],"objectId":"5520077","subObjectId":"-1"},{"fields":[],"objectId":"5520079","subObjectId":"-1"},{"fields":[],"objectId":"5520081","subObjectId":"-1"},{"fields":[],"objectId":"5520132","subObjectId":"-1"},{"fields":[],"objectId":"5520161","subObjectId":"-1"},{"fields":[],"objectId":"5520167","subObjectId":"-1"},{"fields":[],"objectId":"5549559","subObjectId":"-1"}],"type":"ReportName"}]},"schema":{"groups":[],"revision":null,"subTable":{},"table":{"fieldList":{"5351347":{"id":"5351347","label":"Record number","properties":{"noLabel":"false","required":"true"},"type":"RECORD_ID","var":"Record_number"},"5351348":{"id":"5351348","label":"Updated by","properties":{"noLabel":"false","required":"true"},"type":"MODIFIER","var":"Updated_by"},"5351349":{"id":"5351349","label":"Created by","properties":{"noLabel":"false","required":"true"},"type":"CREATOR","var":"Created_by"},"5351350":{"id":"5351350","label":"Updated datetime","properties":{"noLabel":"false","required":"true"},"type":"MODIFIED_AT","var":"Updated_datetime"},"5351351":{"id":"5351351","label":"Created datetime","properties":{"noLabel":"false","required":"true"},"type":"CREATED_AT","var":"Created_datetime"},"5351352":{"id":"5351352","label":"Status","properties":{"noLabel":"false","required":"false"},"type":"STATUS","var":"Status"},"5351353":{"id":"5351353","label":"Assignee","properties":{"noLabel":"false","required":"false"},"type":"STATUS_ASSIGNEE","var":"Assignee"},"5351354":{"id":"5351354","label":"Categories","properties":{"noLabel":"false","required":"false"},"type":"CATEGORY","var":"Categories"},"5351355":{"id":"5351355","label":"grpid","properties":{"defaultValue":null,"digit":"false","displayScale":null,"max":null,"min":null,"noLabel":"false","required":"true","roundingMode":null,"scale":null,"unique":"true","unit":"","unitPosition":"BEFORE"},"type":"DECIMAL","var":"grpid"},"5351356":{"id":"5351356","label":"attrib","properties":{"defaultValue":null,"digit":"false","displayScale":null,"max":null,"min":null,"noLabel":"false","required":"false","roundingMode":null,"scale":null,"unique":"false","unit":"","unitPosition":"BEFORE"},"type":"DECIMAL","var":"attrib"},"5351359":{"id":"5351359","label":"category","properties":{"defaultValue":null,"digit":"false","displayScale":null,"max":null,"min":null,"noLabel":"false","required":"false","roundingMode":null,"scale":null,"unique":"false","unit":"","unitPosition":"BEFORE"},"type":"DECIMAL","var":"category"},"5351360":{"id":"5351360","label":"deviceid","properties":{"defaultValue":"","expression":"","hideExpression":"false","max":null,"min":null,"noLabel":"false","required":"false","unique":"false"},"type":"SINGLE_LINE_TEXT","var":"deviceid"},"5351361":{"id":"5351361","label":"weight","properties":{"defaultValue":"78","digit":"false","displayScale":"1","max":null,"min":null,"noLabel":"false","required":"false","roundingMode":null,"scale":null,"unique":"false","unit":"","unitPosition":"BEFORE"},"type":"DECIMAL","var":"measures_value"},"5520075":{"id":"5520075","label":"date_time","properties":{"defaultExpression":null,"defaultValue":null,"noLabel":"false","required":"false","unique":"false"},"type":"DATETIME","var":"date_time"},"5520128":{"id":"5520128","label":"Height","properties":{"defaultValue":"170.6","digit":"false","displayScale":"1","max":null,"min":null,"noLabel":"false","required":"false","roundingMode":null,"scale":null,"unique":"false","unit":"cm","unitPosition":"AFTER"},"type":"DECIMAL","var":"Height"},"5520129":{"id":"5520129","label":"BMI","properties":{"displayScale":"2","expression":"10000 * measures_value / (Height * Height)","format":"NUMBER","hideExpression":"false","noLabel":"false","required":"false","roundingMode":null,"scale":null,"unit":"","unitPosition":"BEFORE"},"type":"CALC","var":"BMI"},"5520130":{"id":"5520130","label":"Fat Ratio","properties":{"defaultValue":"21","digit":"false","displayScale":"1","max":null,"min":null,"noLabel":"false","required":"false","roundingMode":null,"scale":null,"unique":"false","unit":"%","unitPosition":"AFTER"},"type":"DECIMAL","var":"Fat_Ratio"}},"id":"1","label":"__ROOT__","var":"__ROOT__"}},"status":{"actions":[],"filters":[],"initialStateId":null,"states":[],"useStatus":"false"},"uuid":"ab9ed856-c67b-41bb-afd6-09da70159428","views":[{"advancedMode":"false","builtinType":null,"device":null,"fields":[{"row":[{"id":"5520075"},{"id":"5351347"},{"id":"5351355"},{"id":"5351356"},{"id":"5351359"},{"id":"5351360"},{"id":"5351361"},{"id":"5520130"},{"id":"5520129"}]}],"filter":{"category":null,"offset":null,"order":["DESC"],"q":null,"size":null,"sort":["f5520075"]},"html":null,"keyFieldId":null,"name":"リスト","pager":null,"revision":null,"titleFieldId":null,"view":"5520073","viewType":"LIST"},{"advancedMode":"false","builtinType":null,"device":null,"fields":[{"row":[{"id":"5520075"},{"id":"5351361"}]}],"filter":{"category":null,"offset":null,"order":["DESC"],"q":null,"size":null,"sort":["f5351347"]},"html":null,"keyFieldId":"5520075","name":"カレンダー表示","pager":null,"revision":null,"titleFieldId":"5351361","view":"5520067","viewType":"CALENDAR"},{"advancedMode":null,"builtinType":"ALL","device":null,"fields":[{"row":[{"id":"5351347"},{"id":"5351355"},{"id":"5351356"},{"id":"5351359"},{"id":"5351360"},{"id":"5351361"},{"id":"5520075"},{"id":"5520128"},{"id":"5520129"},{"id":"5520130"}]}],"filter":{"category":null,"offset":null,"order":[],"q":null,"size":null,"sort":[]},"html":null,"keyFieldId":null,"name":"(All records)","pager":null,"revision":null,"titleFieldId":null,"view":"20","viewType":"LIST"}]}],"description":"","iconKey":"APP15","iconMeta":null,"iconSrcAppId":"37c2b664-57f7-45be-95fe-9944e8cc6512","iconType":"PRESET","imagesMeta":[],"lookups":[{"actingAppId":"37c2b664-57f7-45be-95fe-9944e8cc6512","fieldMappings":[{"fieldId":"5520153","targetFieldId":"5351361"},{"fieldId":"5520154","targetFieldId":"5520130"},{"fieldId":"5520157","targetFieldId":"5520129"},{"fieldId":"5520158","targetFieldId":"5520075"}],"keyMapping":{"fieldId":"5520155","targetFieldId":"5351347"},"listFields":["5520075","5351361","5520130","5520129"],"query":{"category":null,"offset":null,"order":["desc"],"q":"f5520075 \u003E= THIS_WEEK() and f5520075 \u003C= THIS_YEAR() order by f5351347 desc","size":null,"sort":["f5351347"]},"targetAppId":"ab9ed856-c67b-41bb-afd6-09da70159428"}],"name":"Withing_日報テンプレート","references":[],"version":"25"}